{"status": 200, "warning": "These results do not include state and province holidays. For more information, please visit https://holidayapi.com/docs", "requests": {"used": 9, "available": 9991, "resets": "2022-11-01 00:00:00"}, "holidays": [{"name": "New Year's Day", "date": "2021-01-01", "observed": "2021-01-01", "public": true, "country": "BR", "uuid": "b58254f9-b38b-42c1-8b30-95a095798b0c", "weekday": {"date": {"name": "Friday", "numeric": "5"}, "observed": {"name": "Friday", "numeric": "5"}}}, {"name": "Shrove Monday", "date": "2021-02-15", "observed": "2021-02-15", "public": false, "country": "BR", "uuid": "26346ac8-b1c7-4dfb-bda2-64c1ca445cc9", "weekday": {"date": {"name": "Monday", "numeric": "1"}, "observed": {"name": "Monday", "numeric": "1"}}}, {"name": "Shrove Tuesday", "date": "2021-02-16", "observed": "2021-02-16", "public": false, "country": "BR", "uuid": "4a764c30-0b8e-4182-b89d-edb419213c7b", "weekday": {"date": {"name": "Tuesday", "numeric": "2"}, "observed": {"name": "Tuesday", "numeric": "2"}}}, {"name": "Ash Wednesday", "date": "2021-02-17", "observed": "2021-02-17", "public": false, "country": "BR", "uuid": "1cd7828f-5fb6-4c18-a73d-e7dc444770bb", "weekday": {"date": {"name": "Wednesday", "numeric": "3"}, "observed": {"name": "Wednesday", "numeric": "3"}}}, {"name": "March Equinox", "date": "2021-03-20", "observed": "2021-03-20", "public": false, "country": "BR", "uuid": "709c2831-1a6c-4ed6-a671-9104fa983980", "weekday": {"date": {"name": "Saturday", "numeric": "6"}, "observed": {"name": "Saturday", "numeric": "6"}}}, {"name": "Good Friday", "date": "2021-04-02", "observed": "2021-04-02", "public": true, "country": "BR", "uuid": "669c4067-8115-4148-830f-a3a5f1be4d56", "weekday": {"date": {"name": "Friday", "numeric": "5"}, "observed": {"name": "Friday", "numeric": "5"}}}, {"name": "Easter", "date": "2021-04-04", "observed": "2021-04-04", "public": false, "country": "BR", "uuid": "3fb4f766-2f02-4a6b-8fd1-ac8250755e24", "weekday": {"date": {"name": "Sunday", "numeric": "7"}, "observed": {"name": "Sunday", "numeric": "7"}}}, {"name": "Tiradentes", "date": "2021-04-21", "observed": "2021-04-21", "public": true, "country": "BR", "uuid": "72614f29-7826-4e89-83d5-b7563ed89576", "weekday": {"date": {"name": "Wednesday", "numeric": "3"}, "observed": {"name": "Wednesday", "numeric": "3"}}}, {"name": "Labor Day", "date": "2021-05-01", "observed": "2021-05-01", "public": true, "country": "BR", "uuid": "9fcb2d8b-5b6c-4b9f-b654-24661a47c1b0", "weekday": {"date": {"name": "Saturday", "numeric": "6"}, "observed": {"name": "Saturday", "numeric": "6"}}}, {"name": "Mother's Day", "date": "2021-05-09", "observed": "2021-05-09", "public": false, "country": "BR", "uuid": "b3f263a6-1442-42c9-ae2e-a0bef6cc2899", "weekday": {"date": {"name": "Sunday", "numeric": "7"}, "observed": {"name": "Sunday", "numeric": "7"}}}, {"name": "Feast of Corpus Christi", "date": "2021-06-03", "observed": "2021-06-03", "public": false, "country": "BR", "uuid": "725dde73-304e-4214-b75a-cf951fe400b0", "weekday": {"date": {"name": "Thursday", "numeric": "4"}, "observed": {"name": "Thursday", "numeric": "4"}}}, {"name": "June Solstice", "date": "2021-06-21", "observed": "2021-06-21", "public": false, "country": "BR", "uuid": "92743aca-67d8-446b-8702-beb3ad4a1547", "weekday": {"date": {"name": "Monday", "numeric": "1"}, "observed": {"name": "Monday", "numeric": "1"}}}, {"name": "Father's Day", "date": "2021-08-08", "observed": "2021-08-08", "public": false, "country": "BR", "uuid": "110c2bb2-d637-4328-9890-e5b0a95f7678", "weekday": {"date": {"name": "Sunday", "numeric": "7"}, "observed": {"name": "Sunday", "numeric": "7"}}}, {"name": "Independence Day", "date": "2021-09-07", "observed": "2021-09-07", "public": true, "country": "BR", "uuid": "c93d54ac-4b68-4198-bdd3-dfa28b59ab9f", "weekday": {"date": {"name": "Tuesday", "numeric": "2"}, "observed": {"name": "Tuesday", "numeric": "2"}}}, {"name": "September Equinox", "date": "2021-09-22", "observed": "2021-09-22", "public": false, "country": "BR", "uuid": "658b5d7d-a8ad-48bb-b7c1-b69a88ce8cfb", "weekday": {"date": {"name": "Wednesday", "numeric": "3"}, "observed": {"name": "Wednesday", "numeric": "3"}}}, {"name": "Our Lady of Aparecida", "date": "2021-10-12", "observed": "2021-10-12", "public": true, "country": "BR", "uuid": "70aed7b0-efd0-4997-bf3d-b9f1936c8ae8", "weekday": {"date": {"name": "Tuesday", "numeric": "2"}, "observed": {"name": "Tuesday", "numeric": "2"}}}, {"name": "Day of the Dead", "date": "2021-11-02", "observed": "2021-11-02", "public": true, "country": "BR", "uuid": "12fec325-5fa6-4618-9262-0b21ca902405", "weekday": {"date": {"name": "Tuesday", "numeric": "2"}, "observed": {"name": "Tuesday", "numeric": "2"}}}, {"name": "Proclamation of the Republic", "date": "2021-11-15", "observed": "2021-11-15", "public": true, "country": "BR", "uuid": "bcbc4805-b8b4-434b-bbf4-b7b22ff4a4a8", "weekday": {"date": {"name": "Monday", "numeric": "1"}, "observed": {"name": "Monday", "numeric": "1"}}}, {"name": "December Solstice", "date": "2021-12-21", "observed": "2021-12-21", "public": false, "country": "BR", "uuid": "56f8dff3-1daa-4e15-83e0-e7a1f3fab585", "weekday": {"date": {"name": "Tuesday", "numeric": "2"}, "observed": {"name": "Tuesday", "numeric": "2"}}}, {"name": "Christmas Eve", "date": "2021-12-24", "observed": "2021-12-24", "public": false, "country": "BR", "uuid": "6d608483-6fc8-4386-8e09-1cb522707532", "weekday": {"date": {"name": "Friday", "numeric": "5"}, "observed": {"name": "Friday", "numeric": "5"}}}, {"name": "Christmas Day", "date": "2021-12-25", "observed": "2021-12-25", "public": true, "country": "BR", "uuid": "9e92052c-9f89-4a76-bb46-5adca4180b9a", "weekday": {"date": {"name": "Saturday", "numeric": "6"}, "observed": {"name": "Saturday", "numeric": "6"}}}, {"name": "New Year's Eve", "date": "2021-12-31", "observed": "2021-12-31", "public": false, "country": "BR", "uuid": "5965525a-03a7-4b65-ac79-6a461ce61162", "weekday": {"date": {"name": "Friday", "numeric": "5"}, "observed": {"name": "Friday", "numeric": "5"}}}]}